{"R1": 499.5953530806599, "R2": 246.00132524203704, "Q": 0.0006033246213742704, "alpha": 0.8901692134320353}