{"R1": 555.8243126668185, "R2": 195.4594741983274, "Q": 0.0006654546216176583, "alpha": 0.9037102466451269}