{"R1": 999.9978684782109, "R2": 353.24185937388916, "Q": 0.0006794333363510598, "alpha": 0.8999998886082334}