{"R1": 525.339252848858, "R2": 72.96317985360983, "Q": 0.000632611736980073, "alpha": 0.8995627202849568}