{"R1": 632.7448505413346, "R2": 1123.5674187600084, "Q": 0.0004065497416755218, "alpha": 0.8630166440067629}