{"R1": 956.9752371802457, "R2": 341.82566685158207, "Q": 0.0006551343417161876, "alpha": 0.8935547346781575}