{"R1": 498.2082297608358, "R2": 307.63723249653776, "Q": 0.0005999694530829636, "delta": 0.23963212073644485, "alpha": 0.9001337661708976}