{"R1": 803.4270265850562, "R2": 801.2632056963283, "Q": 0.0006363065256074231, "delta": 2.280393641827461, "alpha": 0.8584580450417617}