{"R1": 883.0865447594549, "R2": 666.3502666314596, "Q": 0.0006166784087174589, "delta": 0.2837241962351937, "alpha": 0.8815337612103218}